2100000000098,USA Переходник,1 000
2100000000111,Разноцветный силиконовый чехол,3 500
2100000000135,Прозрачный чехол,4 000
2100000000159,Auto Focus PC Slim Case,7 500
2100000000173,GENESIS Iphone 15,8 500
2100000000197,MAROOKE,12 000
2100000000210,ремешок bink MG,4 500
4549995030280,Silicone Case,2 500
4894505105195,Kajsa leather 13ProMax Olive,7 500
4894505105218,Kajsa leather 13ProMax Brown,6 000
4894505105225,Kajsa leather 13Pro Black,7 500
4894505105263,Kajsa leather 13Pro Brown,7 500
6609201704386,MAROOKE CLASSIC 14 PRO/PRO MAX,12 000
6912308915174,K Doo Air Skin 13Pro 6.1,4 000
6912308915198,K Doo Air Skin 13ProMax 6.7,4 000
6932172600303,Baseus AdamanMetal DDQC2100000000036,25 000
6932172601881,Baseus Вязанный 1m type-C lightning,6 500
6932172602758,Вязанный синий Lightning Type-C,6 500
6932172603731,BASEUS SUPER SI QUICK CHARGER 1C 25W EU WHITE,9 000
6932172609177,Baseus Power Bank 10000mAh 20W Blue PPCX000003,25 000
6932172611934,Wireless Earphones WM01 Black NGTW240001,12 000
6932172611941,Baseus WM01 White NGTW240002,12 000
6932172612771,Charging PB 20W 10000mAh PPCX030001,22 000
6932172612788,Charging PB 20W 10000mAh PPCX030002,22 000
6932172617998,Data Cable USB to Type-C 100W 2m BLACK,7 000
6932172626020,Baseus Bowie D05,25 000
6932172642587,BASEUS H9 15PRO MAX P60057404203-03,7 000
6932172642594,BASEUS H9 15PRO P60057404203-01,7 000
6932172644444,65W simultaneous charging,25 000
6941950204367,Moxom Data Cable 3A MX-CB183,3 000
6941950205265,MOXOM 10D XR/11,5 000
6942384801672,KEEPHONE 15 PROMAX,13 000
6942384801689,keephone,12 000
6942384802006,Keephone ROSANA MC-0135,8 000
6942384802273,Keephone MAGICO 15Pro Magsafe,10 000
6953156202054,Metal Cable Вязанный 25см,5 500
6953156202061,Metal Cable Вязанный 1m,7 500
6953156205062,SUPER SI QUICK CHARGER 1C 30W EU CALKLF-AG1,10 000
6953156205307,Baseus Черный 1m,7 000
6953156205635,Baseus Magsafe Синий,15 500
6953156206021,BASEUS SUPER SI QUICK CHARGER 1C 25W EU Sets BLACK,12 000
6953156206519,Power bank 10000mah\20w PPDML-L01 BLACK,15 000
6953156223226,Car charger,8 500
6953156229815,Baseus 2-in-1,5 000
6953156229990,Baseus Quick Charger 20W,9 000
6953156232648,Baseus Magsafe Черный,15 500
6953156232938,Baseus GaN2 Lite 65W,25 000
6953156248823,USB YIVEN CALYW-13 5S BLUE,4 000
6953156253063,Baseus Держатель,5 000
6953156253667,USB Lightning 180cm,5 000
6953156273900,наушник NGH06-01 BLACK,7 000
6953156273924,Baseus Encok H06 Silver NGH06-0S,7 000
6953156274938,BASEUS USB-LIGHTNING BLACK 50CM CALKLF-AG1,5 000
6953156285200,Вязанный Baseus 1m Type-C Type-C,7 000
6953156285231,Baseus Type-C Type-C 2m,8 500
6953156285460,Baseus Hub,17 000
6953156297449,Baseus Cafule DATA CABLE type-C to IP PD 20W,7 500
6955182409841,Memuni Carbon 13 6.1 Black,4 000
6970698586916,Moxom Lightning to 3.5mm,4 500
6970698586930,Moxom Lightning to 3.5mm 1,3 500
6970698586954,Moxom Type-C to 3.5mm,2 500
6970698587883,MX-CB69 TYPE-C TO TYPE-C USB,3 500
6972158734097,KEEPH TYPE-C TO TYPE-C DC-23014,5 000
6972158736350,Keephone Magsolo,12 000
6972158737661,Crystal 14 Pro/Pro Max,7 500
6972158739825,Keephone IMD 14,10 000
6973436041517,XKT10 BLUE,22 000
6975236042503,HDD HFC-013,8 000
6975675083075,Keephone MAGICO 14Pro,10 000
6975675083082,Keephone MAGICO 14,10 000
6975675085253,Keephone Magsafe 14Pro HYBRID,7 500
6975675085512,Keephone 3-in-1 Magsafe,23 000
6975675087301,Keephone Magsafe 15ProMax HYBRID,7 500
6975675089237,KEEPHONE 15 PRO MAX,12 000
6975675089244,Keephone 15,12 000
6980066100255,Moxom Magnetic,4 000
6980066101658,MX-PC01 12,4 000
6980066101764,Бюджет шнуры Maxom,2 500
6980066102211,Moxom 3.5mm,3 500
6980066102495,MX-HC82 TYPE-C TO LIGHTNING,10 000
6980066104208,Moxom 200cm Lightning,4 500
6980066104246,Moxom 200cm Type-C,4 500
6980066105229,OTG 4-in-1,4 500