6953156206519,Power Bank Baseus 10000mAh 20W Black,15 000
6932172609177,Power Bank Baseus 10000mAh 20W Blue,25 000
6932172612788,Power Bank Baseus 10000mAh 20W USB-C - Wireless White,22 000
6932172612771,Power Bank Baseus 10000mAh 20W Wireless + USB-C,22 000
6932172600303,Power Bank Baseus 20000mAh 22.5W,25 000
6953156253667,USB Lightning 180cm,5 000
6953156223226,Автомобильный Адаптер USB2.0 - USB-C,8 500
6953156229990,Быстрая зарядка Baseus 20W Type-C Black,9 000
6953156206021,Быстрая зарядка Baseus 25W Black USB-C - USB-C,12 000
6932172603731,Быстрая зарядка Baseus 25W USB-C White,9 000
6932172644444,Быстрая зарядка Baseus 65W 2USB-C + 2USB-A,25 000
6953156205062,Быстрая зарядка Baseus USB-C 30W,10 000
6953156232938,Быстрая зарядка Baseus USB-C + USB-A 65W,20 000
6980066102495,Быстрая зарядка Moxom USB-C/USB + Кабель USB-C - Lightning 30W,10 000
6953156253063,Держатель Baseus,5 000
6980066100255,Держатель Moxom Magnetic для автомобиля,4 000
6953156205635,Зарядное устройство Baseus Magsafe Синий 15W,15 500
6953156232648,Зарядное устройство Baseus Magsafe Черный 15W,15 500
6975675085512,Зарядное Устройство Keephone 3-in-1Magsafe,23 000
6932172601881,Кабель Baseus 1m USB-C - Lightning,6 500
6953156229815,Кабель Baseus 2-in-1 USB-C + Watch Charging Dock,5 000
6953156297449,Кабель Baseus Type-C - Lightning,7 500
6953156202061,Кабель Baseus USB-C - Lightning 18W 1m,7 500
6953156202054,Кабель Baseus USB-C - Lightning 20W 25cm,5 500
6953156285200,Кабель Baseus USB-C USB-C 1m,7 000
6953156285231,Кабель Baseus USB-C - USB-C 2m,8 500
6953156274938,Кабель Baseus USB-Lightning Black 50cm,5 000
6953156248823,Кабель Baseus USB - Lightning Blue,4 000
6953156205307,Кабель Baseus Черный USB-C - Lightning 1m,7 000
6972158734097,Кабель Keephone USB-C - USB-C 60W 1m,5 000
6932172602758,Кабель Lightning Type-C,6 500
6980066101764,Кабель Maxom USB - Micro USB 1m,2 500
6980066104208,Кабель Moxom 200cm USB-C - Lightning 30W,4 500
6980066104246,Кабель Moxom 200cm USB-C - USB-C 60W,4 500
6941950204367,Кабель Moxom 3A USB - Lightning 1m,3 000
6970698587883,Кабель Moxom USB-C - USB-C 5A 100W 1m,3 500
6980066101795,Кабель Moxom USB - USB-C 3A 1m,2 500
6932172617998,Кабель USB - USB-C 100W 2m Black,7 000
6953156273900,Наушник Encok 3.5mm Black,7 000
6932172626020,Наушники Baseus Bowie D05,25 000
6953156273924,Наушники Baseus Encok NGH06-0S,7 000
6932172611941,Наушники Baseus White,12 000
6932172611934,Наушники Baseus Wireless Black,12 000
6973436041517,Наушники Monster XKT10 BLUE Wireless,22 000
6980066102211,Наушники Moxom 3.5mm,3 500
6970698586930,Переходник Moxom Lightning to 3.5mm,3 500
2100000000098,Переходник для розетки USA,1 000
2100000000135,Прозрачный чехол,4 000
2100000000111,Разноцветный силиконовый чехол,3 500
2100000000210,Ремешок для часов Bink MG,4 500
6932172642587,Стекло BASEUS H9 15PRO MAX P60057404203-03,7 000
6932172642594,Стекло BASEUS H9 15PRO P60057404203-01,7 000
6941950205265,Стекло MOXOM 10D XR/11,5 000
6953156285460,Хаб Baseus USB3.0*2-SD-TF-PD to Type-C,17 000
6970698586916,Хаб Moxom Lightning to 3.5mm + USB-C 2A,4 500
6970698586954,Хаб Moxom USB-C to 3.5mm + USB-C 3A,2 500
6980066105229,Хаб OTG 4-in-1 USB-C - USB-C + SD + TF + USB,4 500
2100000000159,Чехол Auto Focus,7 500
6972158737661,Чехол Crystal 14 Pro/Pro Max,7 500
2100000000173,Чехол Genesis Iphone 15,8 500
6975236042503,Чехол HDD 15 Pro Max Книжка,8 000
4894505105225,Чехол Kajsa leather 13 Pro Black,7 500
4894505105263,Чехол Kajsa leather 13Pro Brown,7 500
4894505105218,Чехол Kajsa leather 13ProMax Brown,6 000
4894505105195,Чехол Kajsa leather 13ProMax Olive,7 500
6912308915174,Чехол K Doo Air 13Pro,4 000
6912308915198,Чехол K Doo Air 13Pro Max,4 000
6975675089237,Чехол Keephone 15 Pro Max Creative Case,12 000
6942384801672,Чехол Keephone 15 Pro Max Kasmo,13 000
6975675089244,Чехол Keephone Creative Case 15 Pro,12 000
6972158739825,Чехол Keephone IMD 14,10 000
6942384801689,Чехол Keephone Kasmo 15 Pro,12 000
6975675083082,Чехол Keephone MAGICO 14,10 000
6975675083075,Чехол Keephone MAGICO 14 Pro,10 000
6942384802273,Чехол Keephone MAGICO 15Pro Magsafe,10 000
6975675085253,Чехол Keephone Magsafe 14Pro HYBRID,7 500
6975675087301,Чехол Keephone Magsafe 15ProMax HYBRID,7 500
6972158736350,Чехол Keephone Magsolo,12 000
6942384802006,Чехол Keephone ROSANA MC-0135,8 000
6609201704386,Чехол MAROOKE CLASSIC 14/15 PRO/PRO MAX,12 000
6955182409841,Чехол Memuni Carbon Black 13,4 000
6980066101658,Чехол MX-PC01 11/12/13 Pro/ProMax,4 000